日期,工种,施工人数,劳动力成本
2025-09-01,测量员,4.0,160.0
2025-09-01,钢筋工,1.0,1155.0
2025-09-02,钢筋工,17.0,4515.0
2025-09-03,木工,6.0,1800.0
2025-09-03,钢筋工,8.0,3360.0
2025-09-04,木工,2.0,1800.0
2025-09-07,不限,0.5714285714285714,768.0
2025-09-07,混凝土工,12.0,1040.0
2025-09-08,不限,0.5714285714285714,768.0
2025-09-09,不限,0.5714285714285714,768.0
2025-09-10,不限,0.5714285714285714,768.0
2025-09-10,安装工,0.2,2666.6666666666665
2025-09-11,不限,0.5714285714285714,768.0
2025-09-11,安装工,0.2,2666.6666666666665
2025-09-11,木工,4.0,0.0
2025-09-12,不限,3.2857142857142856,960.0
2025-09-12,安装工,0.2,2666.6666666666665
2025-09-12,木工,13.0,5760.0
2025-09-12,测量员,2.0,80.0
2025-09-12,砌筑工,0.2857142857142857,685.7142857142857
2025-09-13,不限,3.0,576.0
2025-09-13,安装工,0.2,2666.6666666666665
2025-09-13,木工,5.0,2880.0
2025-09-13,砌筑工,0.2857142857142857,685.7142857142857
2025-09-13,管道工,0.2,2000.0
2025-09-13,钢筋工,6.0,1890.0
2025-09-14,不限,0.2857142857142857,384.0
2025-09-14,安装工,0.2,2666.6666666666665
2025-09-14,水电工,1.0,240.0
2025-09-14,混凝土工,8.0,1456.0
2025-09-14,砌筑工,0.2857142857142857,685.7142857142857
2025-09-14,管道工,0.2,2000.0
2025-09-14,钢筋工,12.0,3780.0
2025-09-15,不限,0.2857142857142857,384.0
2025-09-15,安装工,0.2,2666.6666666666665
2025-09-15,砌筑工,0.2857142857142857,685.7142857142857
2025-09-15,管道工,0.2,2000.0
2025-09-16,不限,0.2857142857142857,384.0
2025-09-16,安装工,0.2,2666.6666666666665
2025-09-16,水电工,1.0,240.0
2025-09-16,砌筑工,0.2857142857142857,685.7142857142857
2025-09-16,管道工,0.2,2000.0
2025-09-17,不限,2.2857142857142856,512.0
2025-09-17,安装工,0.2,2666.6666666666665
2025-09-17,抹灰工,2.3529411764705883,4028.235294117647
2025-09-17,水电工,1.0,240.0
2025-09-17,管道工,0.2,2000.0
2025-09-18,不限,0.2857142857142857,384.0
2025-09-18,安装工,0.2,2666.6666666666665
2025-09-18,抹灰工,4.352941176470589,5820.235294117647
2025-09-18,管道工,0.2,2000.0
2025-09-19,不限,0.2857142857142857,384.0
2025-09-19,安装工,0.2,2666.6666666666665
2025-09-19,抹灰工,2.3529411764705883,4028.235294117647
2025-09-19,木工,4.0,1800.0
2025-09-19,管道工,0.2,2000.0
2025-09-20,安装工,0.4,5066.666666666666
2025-09-20,抹灰工,2.3529411764705883,4028.235294117647
2025-09-20,管道工,0.2,2000.0
2025-09-20,防水工,0.2,480.0
2025-09-21,安装工,0.4,5066.666666666666
2025-09-21,抹灰工,0.3529411764705882,2236.235294117647
2025-09-21,管道工,0.2,2000.0
2025-09-21,防水工,0.2,480.0
2025-09-22,安装工,0.4,5066.666666666666
2025-09-22,抹灰工,0.3529411764705882,2236.235294117647
2025-09-22,管道工,0.2,2000.0
2025-09-22,防水工,0.2,480.0
2025-09-23,安装工,0.4,5066.666666666666
2025-09-23,抹灰工,0.3529411764705882,2236.235294117647
2025-09-23,管道工,0.2,2000.0
2025-09-23,防水工,0.2,480.0
2025-09-24,安装工,0.4,5066.666666666666
2025-09-24,抹灰工,0.3529411764705882,2236.235294117647
2025-09-24,管道工,0.2,2000.0
2025-09-24,防水工,0.2,480.0
2025-09-25,安装工,0.4,5066.666666666666
2025-09-25,抹灰工,0.3529411764705882,2236.235294117647
2025-09-25,管道工,0.2,2000.0
2025-09-25,防水工,0.2,480.0
2025-09-26,安装工,0.4,5066.666666666666
2025-09-26,抹灰工,0.3529411764705882,2236.235294117647
2025-09-26,防水工,0.3666666666666666,960.0
2025-09-27,安装工,0.4,5066.666666666666
2025-09-27,抹灰工,0.8983957219251336,4452.962566844919
2025-09-27,防水工,0.1666666666666666,480.0
2025-09-28,安装工,0.4,5066.666666666666
2025-09-28,抹灰工,0.5454545454545454,2216.7272727272725
2025-09-28,防水工,0.1666666666666666,480.0
2025-09-29,安装工,0.4,5066.666666666666
2025-09-29,抹灰工,0.5454545454545454,2216.7272727272725
2025-09-29,防水工,0.1666666666666666,480.0
2025-09-30,安装工,0.2,2400.0
2025-09-30,抹灰工,0.5454545454545454,2216.7272727272725
2025-09-30,防水工,0.1666666666666666,480.0
2025-10-01,安装工,0.2,2400.0
2025-10-01,抹灰工,0.5454545454545454,2216.7272727272725
2025-10-01,防水工,0.1666666666666666,480.0
2025-10-02,安装工,0.2,2400.0
2025-10-02,抹灰工,0.5454545454545454,2216.7272727272725
2025-10-02,防水工,0.1666666666666666,480.0
2025-10-03,安装工,0.2,2400.0
2025-10-03,抹灰工,0.5454545454545454,2216.7272727272725
2025-10-03,防水工,0.1666666666666666,480.0
2025-10-04,安装工,0.2,2400.0
2025-10-04,抹灰工,1.1454545454545455,4463.127272727273
2025-10-04,防水工,0.3095238095238094,960.0
2025-10-05,安装工,0.2,2400.0
2025-10-05,抹灰工,0.6,2246.4
2025-10-05,防水工,0.1428571428571428,480.0
2025-10-06,抹灰工,0.6,2246.4
2025-10-06,防水工,0.1428571428571428,480.0
2025-10-07,抹灰工,0.6,2246.4
2025-10-07,防水工,0.1428571428571428,480.0
2025-10-08,抹灰工,0.6,2246.4
2025-10-08,防水工,0.1428571428571428,480.0
2025-10-09,抹灰工,0.6,2246.4
2025-10-09,防水工,0.1428571428571428,480.0
2025-10-10,抹灰工,1.0285714285714285,4536.685714285714
2025-10-10,防水工,0.1428571428571428,480.0
2025-10-11,抹灰工,0.4285714285714285,2290.285714285714
2025-10-11,防水工,0.1428571428571428,480.0
2025-10-12,抹灰工,0.4285714285714285,2290.285714285714
2025-10-12,防水工,0.1428571428571428,480.0
2025-10-13,抹灰工,0.4285714285714285,2290.285714285714
2025-10-13,水电工,12.6,6032.0
2025-10-14,抹灰工,0.4285714285714285,2290.285714285714
2025-10-14,水电工,4.6,4112.0
2025-10-15,抹灰工,0.4285714285714285,2290.285714285714
2025-10-15,水电工,0.6,2832.0
2025-10-16,抹灰工,0.4285714285714285,2290.285714285714
2025-10-16,水电工,0.6,2832.0
2025-10-17,抹灰工,0.4285714285714285,2290.285714285714
2025-10-17,水电工,0.6,2832.0
2025-10-18,抹灰工,0.4285714285714285,2290.285714285714
2025-10-18,水电工,0.6,2832.0
2025-10-19,不限,3.0,480.0
2025-10-19,抹灰工,0.4285714285714285,2290.285714285714
2025-10-19,水电工,0.6,2832.0
2025-10-20,抹灰工,0.5,768.0
2025-10-21,抹灰工,0.5,768.0
2025-10-22,抹灰工,0.5,768.0
2025-10-22,水电工,0.2222222222222222,960.0
2025-10-23,水电工,0.2222222222222222,960.0
2025-10-24,水电工,0.2222222222222222,960.0
2025-10-25,水电工,0.2222222222222222,960.0
2025-10-26,水电工,0.2222222222222222,960.0
2025-10-27,水电工,0.2222222222222222,960.0
2025-10-28,水电工,0.4444444444444444,1920.0
2025-10-29,水电工,0.2222222222222222,960.0
2025-10-30,水电工,0.2222222222222222,960.0
2025-10-31,水电工,0.2222222222222222,960.0
2025-11-01,水电工,0.2222222222222222,960.0
2025-11-02,水电工,0.2222222222222222,960.0
2025-11-03,水电工,0.4444444444444444,1920.0
2025-11-04,水电工,0.2222222222222222,960.0
2025-11-05,水电工,0.2222222222222222,960.0
2025-11-06,水电工,0.2222222222222222,960.0
2025-11-07,水电工,0.2222222222222222,960.0
2025-11-08,不限,0.3333333333333333,373.3333333333333
2025-11-08,抹灰工,1.0,1152.0
2025-11-08,水电工,0.2222222222222222,960.0
2025-11-09,不限,0.3333333333333333,373.3333333333333
2025-11-09,抹灰工,1.0,1152.0
2025-11-10,不限,0.3333333333333333,373.3333333333333
2025-11-10,抹灰工,1.8333333333333335,2992.0
2025-11-11,不限,0.3333333333333333,373.3333333333333
2025-11-11,抹灰工,0.8333333333333334,1840.0
2025-11-12,不限,0.3333333333333333,373.3333333333333
2025-11-12,抹灰工,0.8333333333333334,1840.0
2025-11-13,抹灰工,0.8333333333333334,1840.0
2025-11-14,抹灰工,1.0,2608.0
2025-11-15,抹灰工,0.1666666666666666,768.0
2025-11-16,抹灰工,0.1666666666666666,768.0
2025-11-17,抹灰工,0.1666666666666666,768.0
2025-11-18,抹灰工,0.1666666666666666,768.0
2025-11-19,抹灰工,0.1666666666666666,768.0
2025-11-20,抹灰工,0.1666666666666666,768.0
2025-11-21,抹灰工,0.1666666666666666,768.0
2025-11-21,水电工,1.5,1440.0
2025-11-22,水电工,1.5,1440.0
2025-11-23,水电工,1.5,1440.0
2025-11-23,砌筑工,2.5,1920.0
2025-11-24,水电工,0.25,960.0
2025-11-24,砌筑工,2.5,1920.0
2025-11-25,水电工,0.25,960.0
2025-11-26,水电工,0.25,960.0
2025-11-27,水电工,0.25,960.0
2025-11-28,水电工,0.25,960.0
2025-11-29,抹灰工,1.0,768.0
2025-11-29,水电工,0.25,960.0
2025-11-30,抹灰工,1.6666666666666665,2240.0
2025-12-01,抹灰工,0.6666666666666666,1472.0
2025-12-02,抹灰工,0.6666666666666666,1472.0
2025-12-03,抹灰工,0.6666666666666666,1472.0
2025-12-04,不限,2.0,384.0
2025-12-04,抹灰工,0.6666666666666666,1472.0
2025-12-04,水电工,4.0,1920.0
2025-12-19,测量员,4.0,160.0
2025-12-19,钢筋工,1.0,1155.0
2025-12-20,钢筋工,1.0,1155.0
2025-12-21,木工,4.0,0.0
2025-12-21,钢筋工,17.0,4515.0
2025-12-22,木工,2.0,1800.0
2025-12-22,钢筋工,8.0,3360.0
2025-12-23,木工,2.0,1800.0
2025-12-26,不限,0.5714285714285714,768.0
2025-12-26,混凝土工,8.0,1040.0
2025-12-27,不限,0.5714285714285714,768.0
2025-12-28,不限,0.5714285714285714,768.0
2025-12-29,不限,0.5714285714285714,768.0
2025-12-30,不限,0.5714285714285714,768.0
2025-12-30,木工,8.0,1800.0
2025-12-31,不限,3.0,576.0
2025-12-31,木工,13.0,5760.0
2025-12-31,测量员,2.0,80.0
2025-12-31,砌筑工,0.2857142857142857,685.7142857142857
2026-01-01,水电工,1.0,240.0
2026-01-01,砌筑工,0.2857142857142857,685.7142857142857
2026-01-01,钢筋工,12.0,3780.0
2026-01-02,不限,0.2857142857142857,384.0
2026-01-02,混凝土工,8.0,1456.0
2026-01-02,砌筑工,0.2857142857142857,685.7142857142857
2026-01-02,钢筋工,6.0,1890.0
2026-01-03,不限,0.2857142857142857,384.0
2026-01-03,砌筑工,0.2857142857142857,685.7142857142857
2026-01-04,不限,2.2857142857142856,512.0
2026-01-04,水电工,1.0,240.0
2026-01-04,砌筑工,0.2857142857142857,685.7142857142857
2026-01-05,不限,0.2857142857142857,384.0
2026-01-05,抹灰工,2.3529411764705883,4028.235294117647
2026-01-06,不限,0.2857142857142857,384.0
2026-01-06,抹灰工,4.352941176470589,5820.235294117647
2026-01-06,木工,4.0,1800.0
2026-01-07,抹灰工,2.3529411764705883,4028.235294117647
2026-01-07,木工,4.0,1800.0
2026-01-08,抹灰工,0.3529411764705882,2236.235294117647
2026-01-08,防水工,0.2,480.0
2026-01-09,抹灰工,0.3529411764705882,2236.235294117647
2026-01-09,防水工,0.2,480.0
2026-01-10,抹灰工,0.3529411764705882,2236.235294117647
2026-01-10,防水工,0.2,480.0
2026-01-11,抹灰工,0.3529411764705882,2236.235294117647
2026-01-11,防水工,0.2,480.0
2026-01-12,抹灰工,0.3529411764705882,2236.235294117647
2026-01-12,防水工,0.2,480.0
2026-01-13,抹灰工,0.3529411764705882,2236.235294117647
2026-01-13,防水工,0.2,480.0
2026-01-14,抹灰工,0.3529411764705882,2236.235294117647
2026-01-14,防水工,0.3666666666666666,960.0
2026-01-15,抹灰工,0.8983957219251336,4452.962566844919
2026-01-15,防水工,0.1666666666666666,480.0
2026-01-16,抹灰工,0.5454545454545454,2216.7272727272725
2026-01-16,防水工,0.1666666666666666,480.0
2026-01-17,抹灰工,0.5454545454545454,2216.7272727272725
2026-01-17,防水工,0.1666666666666666,480.0
2026-01-18,抹灰工,0.5454545454545454,2216.7272727272725
2026-01-18,防水工,0.1666666666666666,480.0
2026-01-19,抹灰工,0.5454545454545454,2216.7272727272725
2026-01-19,防水工,0.1666666666666666,480.0
2026-01-20,抹灰工,0.5454545454545454,2216.7272727272725
2026-01-20,防水工,0.1666666666666666,480.0
2026-01-21,抹灰工,0.5454545454545454,2216.7272727272725
2026-01-21,防水工,0.1666666666666666,480.0
2026-01-22,抹灰工,1.1454545454545455,4463.127272727273
2026-01-22,防水工,0.1428571428571428,480.0
2026-01-23,抹灰工,0.6,2246.4
2026-01-23,防水工,0.1428571428571428,480.0
2026-01-24,抹灰工,0.6,2246.4
2026-01-24,防水工,0.1428571428571428,480.0
2026-01-25,抹灰工,0.6,2246.4
2026-01-25,防水工,0.1428571428571428,480.0
2026-01-26,抹灰工,0.6,2246.4
2026-01-26,防水工,0.1428571428571428,480.0
2026-01-27,抹灰工,0.6,2246.4
2026-01-27,防水工,0.1428571428571428,480.0
2026-01-28,抹灰工,1.0285714285714285,4536.685714285714
2026-01-28,防水工,0.1428571428571428,480.0
2026-01-29,抹灰工,0.4285714285714285,2290.285714285714
2026-01-29,防水工,0.1428571428571428,480.0
2026-01-30,抹灰工,0.4285714285714285,2290.285714285714
2026-01-30,水电工,8.6,4752.0
2026-01-30,防水工,0.1428571428571428,480.0
2026-01-31,抹灰工,0.4285714285714285,2290.285714285714
2026-01-31,水电工,8.6,5392.0
2026-02-01,抹灰工,0.4285714285714285,2290.285714285714
2026-02-01,水电工,0.6,2832.0
2026-02-02,抹灰工,0.4285714285714285,2290.285714285714
2026-02-02,水电工,0.6,2832.0
2026-02-03,抹灰工,0.4285714285714285,2290.285714285714
2026-02-03,水电工,0.6,2832.0
2026-02-04,抹灰工,0.4285714285714285,2290.285714285714
2026-02-04,水电工,0.6,2832.0
2026-02-05,抹灰工,0.4285714285714285,2290.285714285714
2026-02-05,水电工,0.6,2832.0
2026-02-06,不限,3.0,480.0
2026-02-06,抹灰工,0.5,768.0
2026-02-07,抹灰工,0.5,768.0
2026-02-08,抹灰工,0.5,768.0
2026-02-09,抹灰工,0.5,768.0
2026-02-09,水电工,0.2222222222222222,960.0
2026-02-10,水电工,0.2222222222222222,960.0
2026-02-11,水电工,0.2222222222222222,960.0
2026-02-12,水电工,0.2222222222222222,960.0
2026-02-13,水电工,0.2222222222222222,960.0
2026-02-14,水电工,0.2222222222222222,960.0
2026-02-15,水电工,0.4444444444444444,1920.0
2026-02-16,水电工,0.2222222222222222,960.0
2026-02-17,水电工,0.2222222222222222,960.0
2026-02-18,水电工,0.2222222222222222,960.0
2026-02-19,水电工,0.2222222222222222,960.0
2026-02-20,水电工,0.4444444444444444,1920.0
2026-02-21,水电工,0.2222222222222222,960.0
2026-02-22,水电工,0.2222222222222222,960.0
2026-02-23,水电工,0.2222222222222222,960.0
2026-02-24,水电工,0.2222222222222222,960.0
2026-02-25,水电工,0.2222222222222222,960.0
2026-02-26,不限,0.3333333333333333,373.3333333333333
2026-02-26,抹灰工,1.0,1152.0
2026-02-26,水电工,0.2222222222222222,960.0
2026-02-27,不限,0.3333333333333333,373.3333333333333
2026-02-27,抹灰工,1.0,1152.0
2026-02-28,不限,0.3333333333333333,373.3333333333333
2026-02-28,抹灰工,1.8333333333333335,2992.0
2026-03-01,不限,0.3333333333333333,373.3333333333333
2026-03-01,抹灰工,0.8333333333333334,1840.0
2026-03-02,抹灰工,0.8333333333333334,1840.0
2026-03-03,抹灰工,1.0,2608.0
2026-03-04,抹灰工,0.1666666666666666,768.0
2026-03-05,抹灰工,0.1666666666666666,768.0
2026-03-06,抹灰工,0.1666666666666666,768.0
2026-03-07,抹灰工,0.1666666666666666,768.0
2026-03-08,抹灰工,0.1666666666666666,768.0
2026-03-09,抹灰工,0.1666666666666666,768.0
2026-03-10,抹灰工,0.1666666666666666,768.0
2026-03-11,抹灰工,0.1666666666666666,768.0
2026-03-11,水电工,1.5,1440.0
2026-03-12,水电工,1.5,1440.0
2026-03-12,砌筑工,2.5,1920.0
2026-03-13,水电工,0.25,960.0
2026-03-13,砌筑工,2.5,1920.0
2026-03-14,水电工,0.25,960.0
2026-03-15,水电工,0.25,960.0
2026-03-16,水电工,0.25,960.0
2026-03-17,水电工,0.25,960.0
2026-03-18,抹灰工,1.0,768.0
2026-03-18,水电工,0.25,960.0
2026-03-19,抹灰工,1.0,768.0
2026-03-20,抹灰工,1.6666666666666665,2240.0
2026-03-21,抹灰工,0.6666666666666666,1472.0
2026-03-22,抹灰工,0.6666666666666666,1472.0
2026-03-23,不限,2.0,384.0
2026-03-23,抹灰工,0.6666666666666666,1472.0
2026-03-23,水电工,4.0,1920.0
2026-03-24,不限,2.0,384.0
2026-03-24,水电工,4.0,1920.0
2026-04-08,测量员,4.0,160.0
2026-04-08,钢筋工,1.0,1155.0
2026-04-09,钢筋工,1.0,1155.0
2026-04-10,木工,4.0,0.0
2026-04-10,钢筋工,17.0,4515.0
2026-04-11,木工,2.0,1800.0
2026-04-14,不限,0.5714285714285714,768.0
2026-04-14,混凝土工,12.0,1040.0
2026-04-15,不限,0.5714285714285714,768.0
2026-04-16,不限,0.5714285714285714,768.0
2026-04-17,不限,0.5714285714285714,768.0
2026-04-18,不限,0.5714285714285714,768.0
2026-04-19,不限,3.2857142857142856,960.0
2026-04-19,木工,13.0,5760.0
2026-04-19,测量员,2.0,80.0
2026-04-19,砌筑工,0.2857142857142857,685.7142857142857
2026-04-20,不限,3.0,576.0
2026-04-20,木工,9.0,3960.0
2026-04-20,砌筑工,0.2857142857142857,685.7142857142857
2026-04-20,钢筋工,6.0,1890.0
2026-04-21,不限,0.2857142857142857,384.0
2026-04-21,水电工,1.0,240.0
2026-04-21,混凝土工,8.0,1456.0
2026-04-21,砌筑工,0.2857142857142857,685.7142857142857
2026-04-21,钢筋工,12.0,3780.0
2026-04-22,不限,0.2857142857142857,384.0
2026-04-22,砌筑工,0.2857142857142857,685.7142857142857
2026-04-23,不限,0.2857142857142857,384.0
2026-04-23,水电工,1.0,240.0
2026-04-23,砌筑工,0.2857142857142857,685.7142857142857
2026-04-24,不限,2.2857142857142856,512.0
2026-04-24,抹灰工,2.3529411764705883,4028.235294117647
2026-04-24,水电工,1.0,240.0
2026-04-25,不限,0.2857142857142857,384.0
2026-04-25,抹灰工,2.3529411764705883,4028.235294117647
2026-04-26,不限,0.2857142857142857,384.0
2026-04-26,抹灰工,4.352941176470589,5820.235294117647
2026-04-26,木工,4.0,1800.0
2026-04-27,抹灰工,2.3529411764705883,4028.235294117647
2026-04-27,防水工,0.2,480.0
2026-04-28,抹灰工,0.3529411764705882,2236.235294117647
2026-04-28,防水工,0.2,480.0
2026-04-29,抹灰工,0.3529411764705882,2236.235294117647
2026-04-29,防水工,0.2,480.0
2026-04-30,抹灰工,0.3529411764705882,2236.235294117647
2026-04-30,防水工,0.2,480.0
2026-05-01,抹灰工,0.3529411764705882,2236.235294117647
2026-05-01,防水工,0.2,480.0
2026-05-02,抹灰工,0.3529411764705882,2236.235294117647
2026-05-02,防水工,0.2,480.0
2026-05-03,抹灰工,0.3529411764705882,2236.235294117647
2026-05-03,防水工,0.2,480.0
2026-05-04,抹灰工,0.8983957219251336,4452.962566844919
2026-05-04,防水工,0.1666666666666666,480.0
2026-05-05,抹灰工,0.5454545454545454,2216.7272727272725
2026-05-05,防水工,0.1666666666666666,480.0
2026-05-06,抹灰工,0.5454545454545454,2216.7272727272725
2026-05-06,防水工,0.1666666666666666,480.0
2026-05-07,抹灰工,0.5454545454545454,2216.7272727272725
2026-05-07,防水工,0.1666666666666666,480.0
2026-05-08,抹灰工,0.5454545454545454,2216.7272727272725
2026-05-08,防水工,0.1666666666666666,480.0
2026-05-09,抹灰工,0.5454545454545454,2216.7272727272725
2026-05-09,防水工,0.1666666666666666,480.0
2026-05-10,抹灰工,0.5454545454545454,2216.7272727272725
2026-05-10,防水工,0.1666666666666666,480.0
2026-05-11,抹灰工,1.1454545454545455,4463.127272727273
2026-05-11,防水工,0.3095238095238094,960.0
2026-05-12,抹灰工,0.6,2246.4
2026-05-12,防水工,0.1428571428571428,480.0
2026-05-13,抹灰工,0.6,2246.4
2026-05-13,防水工,0.1428571428571428,480.0
2026-05-14,抹灰工,0.6,2246.4
2026-05-14,防水工,0.1428571428571428,480.0
2026-05-15,抹灰工,0.6,2246.4
2026-05-15,防水工,0.1428571428571428,480.0
2026-05-16,抹灰工,0.6,2246.4
2026-05-16,防水工,0.1428571428571428,480.0
2026-05-17,抹灰工,1.0285714285714285,4536.685714285714
2026-05-17,防水工,0.1428571428571428,480.0
2026-05-18,抹灰工,0.4285714285714285,2290.285714285714
2026-05-18,防水工,0.1428571428571428,480.0
2026-05-19,抹灰工,0.4285714285714285,2290.285714285714
2026-05-19,防水工,0.1428571428571428,480.0
2026-05-20,抹灰工,0.4285714285714285,2290.285714285714
2026-05-20,水电工,8.6,4752.0
2026-05-20,防水工,0.1428571428571428,480.0
2026-05-21,抹灰工,0.4285714285714285,2290.285714285714
2026-05-21,水电工,4.6,4112.0
2026-05-22,抹灰工,0.4285714285714285,2290.285714285714
2026-05-22,水电工,0.6,2832.0
2026-05-23,抹灰工,0.4285714285714285,2290.285714285714
2026-05-23,水电工,0.6,2832.0
2026-05-24,抹灰工,0.4285714285714285,2290.285714285714
2026-05-24,水电工,0.6,2832.0
2026-05-25,抹灰工,0.4285714285714285,2290.285714285714
2026-05-25,水电工,0.6,2832.0
2026-05-26,不限,3.0,480.0
2026-05-26,抹灰工,0.4285714285714285,2290.285714285714
2026-05-26,水电工,0.6,2832.0
2026-05-27,不限,3.0,480.0
2026-05-27,抹灰工,0.5,768.0
2026-05-28,抹灰工,0.5,768.0
2026-05-29,抹灰工,0.5,768.0
2026-05-29,水电工,0.2222222222222222,960.0
2026-05-30,水电工,0.2222222222222222,960.0
2026-05-31,水电工,0.2222222222222222,960.0
2026-06-01,水电工,0.2222222222222222,960.0
2026-06-02,水电工,0.2222222222222222,960.0
2026-06-03,水电工,0.2222222222222222,960.0
2026-06-04,水电工,0.4444444444444444,1920.0
2026-06-05,水电工,0.2222222222222222,960.0
2026-06-06,水电工,0.2222222222222222,960.0
2026-06-07,水电工,0.2222222222222222,960.0
2026-06-08,水电工,0.2222222222222222,960.0
2026-06-09,水电工,0.2222222222222222,960.0
2026-06-10,水电工,0.4444444444444444,1920.0
2026-06-11,水电工,0.2222222222222222,960.0
2026-06-12,水电工,0.2222222222222222,960.0
2026-06-13,水电工,0.2222222222222222,960.0
2026-06-14,水电工,0.2222222222222222,960.0
2026-06-15,不限,0.3333333333333333,373.3333333333333
2026-06-15,抹灰工,1.0,1152.0
2026-06-15,水电工,0.2222222222222222,960.0
2026-06-16,不限,0.3333333333333333,373.3333333333333
2026-06-16,抹灰工,1.0,1152.0
2026-06-17,不限,0.3333333333333333,373.3333333333333
2026-06-17,抹灰工,1.8333333333333335,2992.0
2026-06-18,不限,0.3333333333333333,373.3333333333333
2026-06-18,抹灰工,0.8333333333333334,1840.0
2026-06-19,不限,0.3333333333333333,373.3333333333333
2026-06-19,抹灰工,0.8333333333333334,1840.0
2026-06-20,抹灰工,0.8333333333333334,1840.0
2026-06-21,抹灰工,1.0,2608.0
2026-06-22,抹灰工,0.1666666666666666,768.0
2026-06-23,抹灰工,0.1666666666666666,768.0
2026-06-24,抹灰工,0.1666666666666666,768.0
2026-06-25,抹灰工,0.1666666666666666,768.0
2026-06-26,抹灰工,0.1666666666666666,768.0
2026-06-27,抹灰工,0.1666666666666666,768.0
2026-06-28,抹灰工,0.1666666666666666,768.0
2026-06-29,抹灰工,0.1666666666666666,768.0
2026-06-29,水电工,1.5,1440.0
2026-06-30,水电工,1.5,1440.0
2026-06-30,砌筑工,2.5,1920.0
2026-07-01,水电工,0.25,960.0
2026-07-01,砌筑工,2.5,1920.0
2026-07-02,水电工,0.25,960.0
2026-07-03,水电工,0.25,960.0
2026-07-04,水电工,0.25,960.0
2026-07-05,水电工,0.25,960.0
2026-07-06,抹灰工,1.0,768.0
2026-07-06,水电工,0.25,960.0
2026-07-07,抹灰工,1.6666666666666665,2240.0
2026-07-08,抹灰工,0.6666666666666666,1472.0
2026-07-09,抹灰工,0.6666666666666666,1472.0
2026-07-10,抹灰工,0.6666666666666666,1472.0
2026-07-11,不限,2.0,384.0
2026-07-11,抹灰工,0.6666666666666666,1472.0
2026-07-11,水电工,4.0,1920.0
2026-07-12,不限,2.0,384.0
2026-07-12,水电工,4.0,1920.0
2026-07-27,测量员,4.0,160.0
2026-07-27,钢筋工,1.0,1155.0
2026-07-28,钢筋工,17.0,4515.0
2026-07-29,木工,6.0,1800.0
2026-07-29,钢筋工,8.0,3360.0
2026-07-30,木工,2.0,1800.0
2026-08-02,不限,0.5714285714285714,768.0
2026-08-02,混凝土工,12.0,1040.0
2026-08-03,不限,0.5714285714285714,768.0
2026-08-04,不限,0.5714285714285714,768.0
2026-08-05,不限,0.5714285714285714,768.0
2026-08-06,不限,0.5714285714285714,768.0
2026-08-06,木工,8.0,1800.0
2026-08-07,不限,3.0,576.0
2026-08-07,木工,13.0,5760.0
2026-08-07,测量员,2.0,80.0
2026-08-07,砌筑工,0.2857142857142857,685.7142857142857
2026-08-08,不限,3.0,576.0
2026-08-08,木工,5.0,2880.0
2026-08-08,水电工,1.0,240.0
2026-08-08,砌筑工,0.2857142857142857,685.7142857142857
2026-08-08,钢筋工,12.0,3780.0
2026-08-09,不限,0.2857142857142857,384.0
2026-08-09,混凝土工,8.0,1456.0
2026-08-09,砌筑工,0.2857142857142857,685.7142857142857
2026-08-09,钢筋工,6.0,1890.0
2026-08-10,不限,0.2857142857142857,384.0
2026-08-10,砌筑工,0.2857142857142857,685.7142857142857
2026-08-11,不限,2.2857142857142856,512.0
2026-08-11,水电工,1.0,240.0
2026-08-11,砌筑工,0.2857142857142857,685.7142857142857
2026-08-12,不限,0.2857142857142857,384.0
2026-08-12,抹灰工,2.3529411764705883,4028.235294117647
2026-08-13,不限,0.2857142857142857,384.0
2026-08-13,抹灰工,4.352941176470589,5820.235294117647
2026-08-13,木工,4.0,1800.0
2026-08-14,抹灰工,2.3529411764705883,4028.235294117647
2026-08-14,木工,4.0,1800.0
2026-08-15,抹灰工,2.3529411764705883,4028.235294117647
2026-08-15,防水工,0.2,480.0
2026-08-16,抹灰工,0.3529411764705882,2236.235294117647
2026-08-16,防水工,0.2,480.0
2026-08-17,抹灰工,0.3529411764705882,2236.235294117647
2026-08-17,防水工,0.2,480.0
2026-08-18,抹灰工,0.3529411764705882,2236.235294117647
2026-08-18,防水工,0.2,480.0
2026-08-19,抹灰工,0.3529411764705882,2236.235294117647
2026-08-19,防水工,0.2,480.0
2026-08-20,抹灰工,0.3529411764705882,2236.235294117647
2026-08-20,防水工,0.2,480.0
2026-08-21,抹灰工,0.3529411764705882,2236.235294117647
2026-08-21,防水工,0.3666666666666666,960.0
2026-08-22,抹灰工,0.8983957219251336,4452.962566844919
2026-08-22,防水工,0.1666666666666666,480.0
2026-08-23,抹灰工,0.5454545454545454,2216.7272727272725
2026-08-23,防水工,0.1666666666666666,480.0
2026-08-24,抹灰工,0.5454545454545454,2216.7272727272725
2026-08-24,防水工,0.1666666666666666,480.0
2026-08-25,抹灰工,0.5454545454545454,2216.7272727272725
2026-08-25,防水工,0.1666666666666666,480.0
2026-08-26,抹灰工,0.5454545454545454,2216.7272727272725
2026-08-26,防水工,0.1666666666666666,480.0
2026-08-27,抹灰工,0.5454545454545454,2216.7272727272725
2026-08-27,防水工,0.1666666666666666,480.0
2026-08-28,抹灰工,0.5454545454545454,2216.7272727272725
2026-08-28,防水工,0.1666666666666666,480.0
2026-08-29,抹灰工,1.1454545454545455,4463.127272727273
2026-08-29,防水工,0.1428571428571428,480.0
2026-08-30,抹灰工,0.6,2246.4
2026-08-30,防水工,0.1428571428571428,480.0
2026-08-31,抹灰工,0.6,2246.4
2026-08-31,防水工,0.1428571428571428,480.0
2026-09-01,抹灰工,0.6,2246.4
2026-09-01,防水工,0.1428571428571428,480.0
2026-09-02,抹灰工,0.6,2246.4
2026-09-02,防水工,0.1428571428571428,480.0
2026-09-03,抹灰工,0.6,2246.4
2026-09-03,防水工,0.1428571428571428,480.0
2026-09-04,抹灰工,1.0285714285714285,4536.685714285714
2026-09-04,防水工,0.1428571428571428,480.0
2026-09-05,抹灰工,0.4285714285714285,2290.285714285714
2026-09-05,防水工,0.1428571428571428,480.0
2026-09-06,抹灰工,0.4285714285714285,2290.285714285714
2026-09-06,防水工,0.1428571428571428,480.0
2026-09-07,抹灰工,0.4285714285714285,2290.285714285714
2026-09-07,水电工,12.6,6032.0
2026-09-08,抹灰工,0.4285714285714285,2290.285714285714
2026-09-08,水电工,0.6,2832.0
2026-09-09,抹灰工,0.4285714285714285,2290.285714285714
2026-09-09,水电工,0.6,2832.0
2026-09-10,抹灰工,0.4285714285714285,2290.285714285714
2026-09-10,水电工,0.6,2832.0
2026-09-11,抹灰工,0.4285714285714285,2290.285714285714
2026-09-11,水电工,0.6,2832.0
2026-09-12,抹灰工,0.4285714285714285,2290.285714285714
2026-09-12,水电工,0.6,2832.0
2026-09-13,不限,3.0,480.0
2026-09-14,抹灰工,0.5,768.0
2026-09-15,抹灰工,0.5,768.0
2026-09-16,抹灰工,0.5,768.0
2026-09-16,水电工,0.2222222222222222,960.0
2026-09-17,水电工,0.2222222222222222,960.0
2026-09-18,水电工,0.2222222222222222,960.0
2026-09-19,水电工,0.2222222222222222,960.0
2026-09-20,水电工,0.2222222222222222,960.0
2026-09-21,水电工,0.2222222222222222,960.0
2026-09-22,水电工,0.4444444444444444,1920.0
2026-09-23,水电工,0.2222222222222222,960.0
2026-09-24,水电工,0.2222222222222222,960.0
2026-09-25,水电工,0.2222222222222222,960.0
2026-09-26,水电工,0.2222222222222222,960.0
2026-09-27,水电工,0.4444444444444444,1920.0
2026-09-28,水电工,0.2222222222222222,960.0
2026-09-29,水电工,0.2222222222222222,960.0
2026-09-30,水电工,0.2222222222222222,960.0
2026-10-01,水电工,0.2222222222222222,960.0
2026-10-02,水电工,0.2222222222222222,960.0
2026-10-03,不限,0.3333333333333333,373.3333333333333
2026-10-03,抹灰工,1.0,1152.0
2026-10-03,水电工,0.2222222222222222,960.0
2026-10-04,不限,0.3333333333333333,373.3333333333333
2026-10-04,抹灰工,1.0,1152.0
2026-10-05,不限,0.3333333333333333,373.3333333333333
2026-10-05,抹灰工,1.8333333333333335,2992.0
2026-10-06,不限,0.3333333333333333,373.3333333333333
2026-10-06,抹灰工,0.8333333333333334,1840.0
2026-10-07,不限,0.3333333333333333,373.3333333333333
2026-10-07,抹灰工,0.8333333333333334,1840.0
2026-10-08,抹灰工,0.8333333333333334,1840.0
2026-10-09,抹灰工,1.0,2608.0
2026-10-10,抹灰工,0.1666666666666666,768.0
2026-10-11,抹灰工,0.1666666666666666,768.0
2026-10-12,抹灰工,0.1666666666666666,768.0
2026-10-13,抹灰工,0.1666666666666666,768.0
2026-10-14,抹灰工,0.1666666666666666,768.0
2026-10-15,抹灰工,0.1666666666666666,768.0
2026-10-16,抹灰工,0.1666666666666666,768.0
2026-10-16,水电工,1.5,1440.0
2026-10-17,水电工,1.5,1440.0
2026-10-17,砌筑工,2.5,1920.0
2026-10-18,砌筑工,2.5,1920.0
2026-10-19,水电工,0.25,960.0
2026-10-19,砌筑工,2.5,1920.0
2026-10-20,水电工,0.25,960.0
2026-10-21,水电工,0.25,960.0
2026-10-22,水电工,0.25,960.0
2026-10-23,水电工,0.25,960.0
2026-10-24,抹灰工,1.0,768.0
2026-10-24,水电工,0.25,960.0
2026-10-25,抹灰工,1.6666666666666665,2240.0
2026-10-26,抹灰工,0.6666666666666666,1472.0
2026-10-27,抹灰工,0.6666666666666666,1472.0
2026-10-28,抹灰工,0.6666666666666666,1472.0
2026-10-29,不限,2.0,384.0
2026-10-29,抹灰工,0.6666666666666666,1472.0
2026-10-29,水电工,4.0,1920.0
2026-11-13,测量员,4.0,160.0
2026-11-13,钢筋工,1.0,1155.0
2026-11-14,钢筋工,1.0,1155.0
2026-11-15,木工,4.0,0.0
2026-11-15,钢筋工,17.0,4515.0
2026-11-16,木工,2.0,1800.0
2026-11-17,木工,2.0,1800.0
2026-11-19,不限,0.2857142857142857,384.0
2026-11-19,混凝土工,12.0,1040.0
2026-11-20,不限,0.5714285714285714,768.0
2026-11-20,混凝土工,8.0,1040.0
2026-11-21,不限,0.5714285714285714,768.0
2026-11-22,不限,0.5714285714285714,768.0
2026-11-23,不限,0.5714285714285714,768.0
2026-11-24,不限,0.5714285714285714,768.0
2026-11-24,木工,8.0,1800.0
2026-11-25,不限,3.0,576.0
2026-11-25,木工,13.0,5760.0
2026-11-25,测量员,2.0,80.0
2026-11-25,砌筑工,0.2857142857142857,685.7142857142857
2026-11-25,钢筋工,6.0,1890.0
2026-11-26,水电工,1.0,240.0
2026-11-26,混凝土工,8.0,1456.0
2026-11-26,砌筑工,0.2857142857142857,685.7142857142857
2026-11-26,钢筋工,12.0,3780.0
2026-11-27,不限,0.2857142857142857,384.0
2026-11-27,混凝土工,8.0,1456.0
2026-11-27,砌筑工,0.2857142857142857,685.7142857142857
2026-11-28,不限,0.2857142857142857,384.0
2026-11-28,水电工,1.0,240.0
2026-11-28,砌筑工,0.2857142857142857,685.7142857142857
2026-11-29,不限,2.2857142857142856,512.0
2026-11-29,水电工,1.0,240.0
2026-11-30,不限,0.2857142857142857,384.0
2026-11-30,抹灰工,2.3529411764705883,4028.235294117647
2026-12-01,不限,0.2857142857142857,384.0
2026-12-01,抹灰工,4.352941176470589,5820.235294117647
2026-12-01,木工,4.0,1800.0
2026-12-02,抹灰工,2.3529411764705883,4028.235294117647
2026-12-02,木工,4.0,1800.0
2026-12-03,抹灰工,0.3529411764705882,2236.235294117647
2026-12-03,防水工,0.2,480.0
2026-12-04,抹灰工,0.3529411764705882,2236.235294117647
2026-12-04,防水工,0.2,480.0
2026-12-05,抹灰工,0.3529411764705882,2236.235294117647
2026-12-05,防水工,0.2,480.0
2026-12-06,抹灰工,0.3529411764705882,2236.235294117647
2026-12-06,防水工,0.2,480.0
2026-12-07,抹灰工,0.3529411764705882,2236.235294117647
2026-12-07,防水工,0.2,480.0
2026-12-08,抹灰工,0.3529411764705882,2236.235294117647
2026-12-08,防水工,0.2,480.0
2026-12-09,抹灰工,0.3529411764705882,2236.235294117647
2026-12-09,防水工,0.3666666666666666,960.0
2026-12-10,抹灰工,0.8983957219251336,4452.962566844919
2026-12-10,防水工,0.1666666666666666,480.0
2026-12-11,抹灰工,0.5454545454545454,2216.7272727272725
2026-12-11,防水工,0.1666666666666666,480.0
2026-12-12,抹灰工,0.5454545454545454,2216.7272727272725
2026-12-12,防水工,0.1666666666666666,480.0
2026-12-13,抹灰工,0.5454545454545454,2216.7272727272725
2026-12-13,防水工,0.1666666666666666,480.0
2026-12-14,抹灰工,0.5454545454545454,2216.7272727272725
2026-12-14,防水工,0.1666666666666666,480.0
2026-12-15,抹灰工,0.5454545454545454,2216.7272727272725
2026-12-15,防水工,0.1666666666666666,480.0
2026-12-16,抹灰工,1.1454545454545455,4463.127272727273
2026-12-16,防水工,0.3095238095238094,960.0
2026-12-17,抹灰工,0.6,2246.4
2026-12-17,防水工,0.1428571428571428,480.0
2026-12-18,抹灰工,0.6,2246.4
2026-12-18,防水工,0.1428571428571428,480.0
2026-12-19,抹灰工,0.6,2246.4
2026-12-19,防水工,0.1428571428571428,480.0
2026-12-20,抹灰工,0.6,2246.4
2026-12-20,防水工,0.1428571428571428,480.0
2026-12-21,抹灰工,0.6,2246.4
2026-12-21,防水工,0.1428571428571428,480.0
2026-12-22,抹灰工,1.0285714285714285,4536.685714285714
2026-12-22,防水工,0.1428571428571428,480.0
2026-12-23,抹灰工,0.4285714285714285,2290.285714285714
2026-12-23,防水工,0.1428571428571428,480.0
2026-12-24,抹灰工,0.4285714285714285,2290.285714285714
2026-12-24,防水工,0.1428571428571428,480.0
2026-12-25,抹灰工,0.4285714285714285,2290.285714285714
2026-12-25,水电工,8.6,4752.0
2026-12-25,防水工,0.1428571428571428,480.0
2026-12-26,抹灰工,0.4285714285714285,2290.285714285714
2026-12-26,水电工,4.6,4112.0
2026-12-27,抹灰工,0.4285714285714285,2290.285714285714
2026-12-27,水电工,0.6,2832.0
2026-12-28,抹灰工,0.4285714285714285,2290.285714285714
2026-12-28,水电工,0.6,2832.0
2026-12-29,抹灰工,0.4285714285714285,2290.285714285714
2026-12-29,水电工,0.6,2832.0
2026-12-30,抹灰工,0.4285714285714285,2290.285714285714
2026-12-30,水电工,0.6,2832.0
2026-12-31,不限,3.0,480.0
2026-12-31,抹灰工,0.4285714285714285,2290.285714285714
2026-12-31,水电工,0.6,2832.0
2027-01-01,不限,3.0,480.0
2027-01-01,抹灰工,0.5,768.0
2027-01-02,抹灰工,0.5,768.0
2027-01-03,抹灰工,0.5,768.0
2027-01-04,抹灰工,0.5,768.0
2027-01-04,水电工,0.2222222222222222,960.0
2027-01-05,水电工,0.2222222222222222,960.0
2027-01-06,水电工,0.2222222222222222,960.0
2027-01-07,水电工,0.2222222222222222,960.0
2027-01-08,水电工,0.2222222222222222,960.0
2027-01-09,水电工,0.4444444444444444,1920.0
2027-01-10,水电工,0.2222222222222222,960.0
2027-01-11,水电工,0.2222222222222222,960.0
2027-01-12,水电工,0.2222222222222222,960.0
2027-01-13,水电工,0.2222222222222222,960.0
2027-01-14,水电工,0.2222222222222222,960.0
2027-01-15,水电工,0.4444444444444444,1920.0
2027-01-16,水电工,0.2222222222222222,960.0
2027-01-17,水电工,0.2222222222222222,960.0
2027-01-18,水电工,0.2222222222222222,960.0
2027-01-19,水电工,0.2222222222222222,960.0
2027-01-20,水电工,0.2222222222222222,960.0
2027-01-21,不限,0.3333333333333333,373.3333333333333
2027-01-21,抹灰工,1.0,1152.0
2027-01-21,水电工,0.2222222222222222,960.0
2027-01-22,不限,0.3333333333333333,373.3333333333333
2027-01-22,抹灰工,1.0,1152.0
2027-01-23,不限,0.3333333333333333,373.3333333333333
2027-01-23,抹灰工,1.8333333333333335,2992.0
2027-01-24,不限,0.3333333333333333,373.3333333333333
2027-01-24,抹灰工,0.8333333333333334,1840.0
2027-01-25,抹灰工,0.8333333333333334,1840.0
2027-01-26,抹灰工,1.0,2608.0
2027-01-27,抹灰工,0.1666666666666666,768.0
2027-01-28,抹灰工,0.1666666666666666,768.0
2027-01-29,抹灰工,0.1666666666666666,768.0
2027-01-30,抹灰工,0.1666666666666666,768.0
2027-01-31,抹灰工,0.1666666666666666,768.0
2027-02-01,抹灰工,0.1666666666666666,768.0
2027-02-02,抹灰工,0.1666666666666666,768.0
2027-02-03,抹灰工,0.1666666666666666,768.0
2027-02-03,水电工,1.5,1440.0
2027-02-04,水电工,1.5,1440.0
2027-02-04,砌筑工,2.5,1920.0
2027-02-05,水电工,0.25,960.0
2027-02-05,砌筑工,2.5,1920.0
2027-02-06,水电工,0.25,960.0
2027-02-07,水电工,0.25,960.0
2027-02-08,水电工,0.25,960.0
2027-02-09,水电工,0.25,960.0
2027-02-10,抹灰工,1.0,768.0
2027-02-10,水电工,0.25,960.0
2027-02-11,抹灰工,1.0,768.0
2027-02-12,抹灰工,1.6666666666666665,2240.0
2027-02-13,抹灰工,0.6666666666666666,1472.0
2027-02-14,抹灰工,0.6666666666666666,1472.0
2027-02-15,不限,2.0,384.0
2027-02-15,抹灰工,0.6666666666666666,1472.0
2027-02-15,水电工,4.0,1920.0
2027-02-16,不限,2.0,384.0
2027-02-16,水电工,4.0,1920.0
2027-03-03,测量员,4.0,160.0
2027-03-03,钢筋工,1.0,1155.0
2027-03-04,钢筋工,17.0,4515.0
2027-03-05,木工,6.0,1800.0
2027-03-05,钢筋工,8.0,3360.0
2027-03-06,木工,2.0,1800.0
2027-03-09,不限,0.5714285714285714,768.0
2027-03-09,混凝土工,12.0,1040.0
2027-03-10,不限,0.5714285714285714,768.0
2027-03-11,不限,0.5714285714285714,768.0
2027-03-12,不限,0.5714285714285714,768.0
2027-03-13,不限,0.5714285714285714,768.0
2027-03-13,木工,4.0,0.0
2027-03-14,不限,3.2857142857142856,960.0
2027-03-14,木工,13.0,5760.0
2027-03-14,测量员,2.0,80.0
2027-03-14,砌筑工,0.2857142857142857,685.7142857142857
2027-03-15,不限,3.0,576.0
2027-03-15,木工,5.0,2880.0
2027-03-15,砌筑工,0.2857142857142857,685.7142857142857
2027-03-15,钢筋工,6.0,1890.0
2027-03-16,不限,0.2857142857142857,384.0
2027-03-16,水电工,1.0,240.0
2027-03-16,混凝土工,8.0,1456.0
2027-03-16,砌筑工,0.2857142857142857,685.7142857142857
2027-03-16,钢筋工,12.0,3780.0
2027-03-17,不限,0.2857142857142857,384.0
2027-03-17,砌筑工,0.2857142857142857,685.7142857142857
2027-03-18,不限,0.2857142857142857,384.0
2027-03-18,水电工,1.0,240.0
2027-03-18,砌筑工,0.2857142857142857,685.7142857142857
2027-03-19,不限,2.2857142857142856,512.0
2027-03-19,抹灰工,2.3529411764705883,4028.235294117647
2027-03-19,水电工,1.0,240.0
2027-03-20,不限,0.2857142857142857,384.0
2027-03-20,抹灰工,4.352941176470589,5820.235294117647
2027-03-21,不限,0.2857142857142857,384.0
2027-03-21,抹灰工,2.3529411764705883,4028.235294117647
2027-03-21,木工,4.0,1800.0
2027-03-22,抹灰工,2.3529411764705883,4028.235294117647
2027-03-22,防水工,0.2,480.0
2027-03-23,抹灰工,0.3529411764705882,2236.235294117647
2027-03-23,防水工,0.2,480.0
2027-03-24,抹灰工,0.3529411764705882,2236.235294117647
2027-03-24,防水工,0.2,480.0
2027-03-25,抹灰工,0.3529411764705882,2236.235294117647
2027-03-25,防水工,0.2,480.0
2027-03-26,抹灰工,0.3529411764705882,2236.235294117647
2027-03-26,防水工,0.2,480.0
2027-03-27,抹灰工,0.3529411764705882,2236.235294117647
2027-03-27,防水工,0.2,480.0
2027-03-28,抹灰工,0.3529411764705882,2236.235294117647
2027-03-28,防水工,0.3666666666666666,960.0
2027-03-29,抹灰工,0.8983957219251336,4452.962566844919
2027-03-29,防水工,0.1666666666666666,480.0
2027-03-30,抹灰工,0.5454545454545454,2216.7272727272725
2027-03-30,防水工,0.1666666666666666,480.0
2027-03-31,抹灰工,0.5454545454545454,2216.7272727272725
2027-03-31,防水工,0.1666666666666666,480.0
2027-04-01,抹灰工,0.5454545454545454,2216.7272727272725
2027-04-01,防水工,0.1666666666666666,480.0
2027-04-02,抹灰工,0.5454545454545454,2216.7272727272725
2027-04-02,防水工,0.1666666666666666,480.0
2027-04-03,抹灰工,0.5454545454545454,2216.7272727272725
2027-04-03,防水工,0.1666666666666666,480.0
2027-04-04,抹灰工,0.5454545454545454,2216.7272727272725
2027-04-04,防水工,0.1666666666666666,480.0
2027-04-05,抹灰工,1.1454545454545455,4463.127272727273
2027-04-05,防水工,0.3095238095238094,960.0
2027-04-06,抹灰工,0.6,2246.4
2027-04-06,防水工,0.1428571428571428,480.0
2027-04-07,抹灰工,0.6,2246.4
2027-04-07,防水工,0.1428571428571428,480.0
2027-04-08,抹灰工,0.6,2246.4
2027-04-08,防水工,0.1428571428571428,480.0
2027-04-09,抹灰工,0.6,2246.4
2027-04-09,防水工,0.1428571428571428,480.0
2027-04-10,抹灰工,0.6,2246.4
2027-04-10,防水工,0.1428571428571428,480.0
2027-04-11,抹灰工,1.0285714285714285,4536.685714285714
2027-04-11,防水工,0.1428571428571428,480.0
2027-04-12,抹灰工,0.4285714285714285,2290.285714285714
2027-04-12,防水工,0.1428571428571428,480.0
2027-04-13,抹灰工,0.4285714285714285,2290.285714285714
2027-04-13,防水工,0.1428571428571428,480.0
2027-04-14,抹灰工,0.4285714285714285,2290.285714285714
2027-04-14,水电工,12.6,6032.0
2027-04-15,抹灰工,0.4285714285714285,2290.285714285714
2027-04-15,水电工,4.6,4112.0
2027-04-16,抹灰工,0.4285714285714285,2290.285714285714
2027-04-16,水电工,0.6,2832.0
2027-04-17,抹灰工,0.4285714285714285,2290.285714285714
2027-04-17,水电工,0.6,2832.0
2027-04-18,抹灰工,0.4285714285714285,2290.285714285714
2027-04-18,水电工,0.6,2832.0
2027-04-19,抹灰工,0.4285714285714285,2290.285714285714
2027-04-19,水电工,0.6,2832.0
2027-04-20,不限,3.0,480.0
2027-04-20,抹灰工,0.4285714285714285,2290.285714285714
2027-04-20,水电工,0.6,2832.0
2027-04-21,抹灰工,0.5,768.0
2027-04-22,抹灰工,0.5,768.0
2027-04-23,抹灰工,0.5,768.0
2027-04-23,水电工,0.2222222222222222,960.0
2027-04-24,水电工,0.2222222222222222,960.0
2027-04-25,水电工,0.2222222222222222,960.0
2027-04-26,水电工,0.2222222222222222,960.0
2027-04-27,水电工,0.2222222222222222,960.0
2027-04-28,水电工,0.2222222222222222,960.0
2027-04-29,水电工,0.4444444444444444,1920.0
2027-04-30,水电工,0.2222222222222222,960.0
2027-05-01,水电工,0.2222222222222222,960.0
2027-05-02,水电工,0.2222222222222222,960.0
2027-05-03,水电工,0.2222222222222222,960.0
2027-05-04,水电工,0.2222222222222222,960.0
2027-05-05,水电工,0.4444444444444444,1920.0
2027-05-06,水电工,0.2222222222222222,960.0
2027-05-07,水电工,0.2222222222222222,960.0
2027-05-08,水电工,0.2222222222222222,960.0
2027-05-09,水电工,0.2222222222222222,960.0
2027-05-10,不限,0.3333333333333333,373.3333333333333
2027-05-10,抹灰工,1.0,1152.0
2027-05-10,水电工,0.2222222222222222,960.0
2027-05-11,不限,0.3333333333333333,373.3333333333333
2027-05-11,抹灰工,1.0,1152.0
2027-05-12,不限,0.3333333333333333,373.3333333333333
2027-05-12,抹灰工,1.8333333333333335,2992.0
2027-05-13,不限,0.3333333333333333,373.3333333333333
2027-05-13,抹灰工,0.8333333333333334,1840.0
2027-05-14,不限,0.3333333333333333,373.3333333333333
2027-05-14,抹灰工,0.8333333333333334,1840.0
2027-05-15,抹灰工,0.8333333333333334,1840.0
2027-05-16,抹灰工,1.0,2608.0
2027-05-17,抹灰工,0.1666666666666666,768.0
2027-05-18,抹灰工,0.1666666666666666,768.0
2027-05-19,抹灰工,0.1666666666666666,768.0
2027-05-20,抹灰工,0.1666666666666666,768.0
2027-05-21,抹灰工,0.1666666666666666,768.0
2027-05-22,抹灰工,0.1666666666666666,768.0
2027-05-23,抹灰工,0.1666666666666666,768.0
2027-05-23,水电工,1.5,1440.0
2027-05-24,水电工,1.5,1440.0
2027-05-25,水电工,1.5,1440.0
2027-05-25,砌筑工,2.5,1920.0
2027-05-26,水电工,0.25,960.0
2027-05-26,砌筑工,2.5,1920.0
2027-05-27,水电工,0.25,960.0
2027-05-28,水电工,0.25,960.0
2027-05-29,水电工,0.25,960.0
2027-05-30,水电工,0.25,960.0
2027-05-31,抹灰工,1.0,768.0
2027-05-31,水电工,0.25,960.0
2027-06-01,抹灰工,1.6666666666666665,2240.0
2027-06-02,抹灰工,0.6666666666666666,1472.0
2027-06-03,抹灰工,0.6666666666666666,1472.0
2027-06-04,抹灰工,0.6666666666666666,1472.0
2027-06-05,不限,2.0,384.0
2027-06-05,抹灰工,0.6666666666666666,1472.0
2027-06-05,水电工,4.0,1920.0
2027-06-20,测量员,4.0,160.0
2027-06-20,钢筋工,1.0,1155.0
2027-06-21,钢筋工,1.0,1155.0
2027-06-22,木工,4.0,0.0
2027-06-22,钢筋工,17.0,4515.0
2027-06-23,木工,2.0,1800.0
2027-06-23,钢筋工,8.0,3360.0
2027-06-24,木工,2.0,1800.0
2027-06-27,不限,0.5714285714285714,768.0
2027-06-27,混凝土工,8.0,1040.0
2027-06-28,不限,0.5714285714285714,768.0
2027-06-29,不限,0.5714285714285714,768.0
2027-06-30,不限,0.5714285714285714,768.0
2027-07-01,不限,0.5714285714285714,768.0
2027-07-01,木工,8.0,1800.0
2027-07-02,不限,3.0,576.0
2027-07-02,木工,13.0,5760.0
2027-07-02,测量员,2.0,80.0
2027-07-02,砌筑工,0.2857142857142857,685.7142857142857
2027-07-03,水电工,1.0,240.0
2027-07-03,砌筑工,0.2857142857142857,685.7142857142857
2027-07-03,钢筋工,12.0,3780.0
2027-07-04,不限,0.2857142857142857,384.0
2027-07-04,混凝土工,8.0,1456.0
2027-07-04,砌筑工,0.2857142857142857,685.7142857142857
2027-07-04,钢筋工,6.0,1890.0
2027-07-05,不限,0.2857142857142857,384.0
2027-07-05,砌筑工,0.2857142857142857,685.7142857142857
2027-07-06,不限,2.2857142857142856,512.0
2027-07-06,水电工,1.0,240.0
2027-07-06,砌筑工,0.2857142857142857,685.7142857142857
2027-07-07,不限,0.2857142857142857,384.0
2027-07-07,抹灰工,2.3529411764705883,4028.235294117647
2027-07-08,不限,0.2857142857142857,384.0
2027-07-08,抹灰工,4.352941176470589,5820.235294117647
2027-07-08,木工,4.0,1800.0
2027-07-09,抹灰工,2.3529411764705883,4028.235294117647
2027-07-09,木工,4.0,1800.0
2027-07-10,抹灰工,0.3529411764705882,2236.235294117647
2027-07-10,防水工,0.2,480.0
2027-07-11,抹灰工,0.3529411764705882,2236.235294117647
2027-07-11,防水工,0.2,480.0
2027-07-12,抹灰工,0.3529411764705882,2236.235294117647
2027-07-12,防水工,0.2,480.0
2027-07-13,抹灰工,0.3529411764705882,2236.235294117647
2027-07-13,防水工,0.2,480.0
2027-07-14,抹灰工,0.3529411764705882,2236.235294117647
2027-07-14,防水工,0.2,480.0
2027-07-15,抹灰工,0.3529411764705882,2236.235294117647
2027-07-15,防水工,0.2,480.0
2027-07-16,抹灰工,0.3529411764705882,2236.235294117647
2027-07-16,防水工,0.3666666666666666,960.0
2027-07-17,抹灰工,0.8983957219251336,4452.962566844919
2027-07-17,防水工,0.1666666666666666,480.0
2027-07-18,抹灰工,0.5454545454545454,2216.7272727272725
2027-07-18,防水工,0.1666666666666666,480.0
2027-07-19,抹灰工,0.5454545454545454,2216.7272727272725
2027-07-19,防水工,0.1666666666666666,480.0
2027-07-20,抹灰工,0.5454545454545454,2216.7272727272725
2027-07-20,防水工,0.1666666666666666,480.0
2027-07-21,抹灰工,0.5454545454545454,2216.7272727272725
2027-07-21,防水工,0.1666666666666666,480.0
2027-07-22,抹灰工,0.5454545454545454,2216.7272727272725
2027-07-22,防水工,0.1666666666666666,480.0
2027-07-23,抹灰工,0.5454545454545454,2216.7272727272725
2027-07-23,防水工,0.1666666666666666,480.0
2027-07-24,抹灰工,1.1454545454545455,4463.127272727273
2027-07-24,防水工,0.1428571428571428,480.0
2027-07-25,抹灰工,0.6,2246.4
2027-07-25,防水工,0.1428571428571428,480.0
2027-07-26,抹灰工,0.6,2246.4
2027-07-26,防水工,0.1428571428571428,480.0
2027-07-27,抹灰工,0.6,2246.4
2027-07-27,防水工,0.1428571428571428,480.0
2027-07-28,抹灰工,0.6,2246.4
2027-07-28,防水工,0.1428571428571428,480.0
2027-07-29,抹灰工,0.6,2246.4
2027-07-29,防水工,0.1428571428571428,480.0
2027-07-30,抹灰工,1.0285714285714285,4536.685714285714
2027-07-30,防水工,0.1428571428571428,480.0
2027-07-31,抹灰工,0.4285714285714285,2290.285714285714
2027-07-31,防水工,0.1428571428571428,480.0
2027-08-01,抹灰工,0.4285714285714285,2290.285714285714
2027-08-01,水电工,8.6,4752.0
2027-08-01,防水工,0.1428571428571428,480.0
2027-08-02,抹灰工,0.4285714285714285,2290.285714285714
2027-08-02,水电工,8.6,5392.0
2027-08-03,抹灰工,0.4285714285714285,2290.285714285714
2027-08-03,水电工,0.6,2832.0
2027-08-04,抹灰工,0.4285714285714285,2290.285714285714
2027-08-04,水电工,0.6,2832.0
2027-08-05,抹灰工,0.4285714285714285,2290.285714285714
2027-08-05,水电工,0.6,2832.0
2027-08-06,抹灰工,0.4285714285714285,2290.285714285714
2027-08-06,水电工,0.6,2832.0
2027-08-07,抹灰工,0.4285714285714285,2290.285714285714
2027-08-07,水电工,0.6,2832.0
2027-08-08,不限,3.0,480.0
2027-08-08,抹灰工,0.5,768.0
2027-08-09,抹灰工,0.5,768.0
2027-08-10,抹灰工,0.5,768.0
2027-08-11,抹灰工,0.5,768.0
2027-08-11,水电工,0.2222222222222222,960.0
2027-08-12,水电工,0.2222222222222222,960.0
2027-08-13,水电工,0.2222222222222222,960.0
2027-08-14,水电工,0.2222222222222222,960.0
2027-08-15,水电工,0.2222222222222222,960.0
2027-08-16,水电工,0.2222222222222222,960.0
2027-08-17,水电工,0.4444444444444444,1920.0
2027-08-18,水电工,0.2222222222222222,960.0
2027-08-19,水电工,0.2222222222222222,960.0
2027-08-20,水电工,0.2222222222222222,960.0
2027-08-21,水电工,0.2222222222222222,960.0
2027-08-22,水电工,0.4444444444444444,1920.0
2027-08-23,水电工,0.2222222222222222,960.0
2027-08-24,水电工,0.2222222222222222,960.0
2027-08-25,水电工,0.2222222222222222,960.0
2027-08-26,水电工,0.2222222222222222,960.0
2027-08-27,水电工,0.2222222222222222,960.0
2027-08-28,不限,0.3333333333333333,373.3333333333333
2027-08-28,抹灰工,1.0,1152.0
2027-08-28,水电工,0.2222222222222222,960.0
2027-08-29,不限,0.3333333333333333,373.3333333333333
2027-08-29,抹灰工,1.0,1152.0
2027-08-30,不限,0.3333333333333333,373.3333333333333
2027-08-30,抹灰工,1.8333333333333335,2992.0
2027-08-31,不限,0.3333333333333333,373.3333333333333
2027-08-31,抹灰工,0.8333333333333334,1840.0
2027-09-01,抹灰工,0.8333333333333334,1840.0
2027-09-02,抹灰工,1.0,2608.0
2027-09-03,抹灰工,0.1666666666666666,768.0
2027-09-04,抹灰工,0.1666666666666666,768.0
2027-09-05,抹灰工,0.1666666666666666,768.0
2027-09-06,抹灰工,0.1666666666666666,768.0
2027-09-07,抹灰工,0.1666666666666666,768.0
2027-09-08,抹灰工,0.1666666666666666,768.0
2027-09-09,抹灰工,0.1666666666666666,768.0
2027-09-10,抹灰工,0.1666666666666666,768.0
2027-09-10,水电工,1.5,1440.0
2027-09-11,水电工,1.5,1440.0
2027-09-11,砌筑工,2.5,1920.0
2027-09-12,水电工,0.25,960.0
2027-09-12,砌筑工,2.5,1920.0
2027-09-13,水电工,0.25,960.0
2027-09-14,水电工,0.25,960.0
2027-09-15,水电工,0.25,960.0
2027-09-16,水电工,0.25,960.0
2027-09-17,抹灰工,1.0,768.0
2027-09-17,水电工,0.25,960.0
2027-09-18,抹灰工,1.0,768.0
2027-09-19,抹灰工,1.6666666666666665,2240.0
2027-09-20,抹灰工,0.6666666666666666,1472.0
2027-09-21,抹灰工,0.6666666666666666,1472.0
2027-09-22,不限,2.0,384.0
2027-09-22,抹灰工,0.6666666666666666,1472.0
2027-09-22,水电工,4.0,1920.0
2027-09-23,不限,2.0,384.0
2027-09-23,水电工,4.0,1920.0
2027-10-08,测量员,4.0,160.0
2027-10-08,钢筋工,1.0,1155.0
2027-10-09,钢筋工,1.0,1155.0
2027-10-10,木工,4.0,0.0
2027-10-10,钢筋工,17.0,4515.0
2027-10-11,木工,2.0,1800.0
2027-10-14,不限,0.5714285714285714,768.0
2027-10-14,混凝土工,12.0,1040.0
2027-10-15,不限,0.5714285714285714,768.0
2027-10-16,不限,0.5714285714285714,768.0
2027-10-17,不限,0.5714285714285714,768.0
2027-10-18,不限,0.5714285714285714,768.0
2027-10-19,不限,3.2857142857142856,960.0
2027-10-19,木工,13.0,5760.0
2027-10-19,测量员,2.0,80.0
2027-10-19,砌筑工,0.2857142857142857,685.7142857142857
2027-10-20,不限,3.0,576.0
2027-10-20,木工,9.0,3960.0
2027-10-20,砌筑工,0.2857142857142857,685.7142857142857
2027-10-20,钢筋工,6.0,1890.0
2027-10-21,不限,0.2857142857142857,384.0
2027-10-21,水电工,1.0,240.0
2027-10-21,混凝土工,8.0,1456.0
2027-10-21,砌筑工,0.2857142857142857,685.7142857142857
2027-10-21,钢筋工,12.0,3780.0
2027-10-22,不限,0.2857142857142857,384.0
2027-10-22,砌筑工,0.2857142857142857,685.7142857142857
2027-10-23,不限,0.2857142857142857,384.0
2027-10-23,水电工,1.0,240.0
2027-10-23,砌筑工,0.2857142857142857,685.7142857142857
2027-10-24,不限,2.2857142857142856,512.0
2027-10-24,抹灰工,2.3529411764705883,4028.235294117647
2027-10-24,水电工,1.0,240.0
2027-10-25,不限,0.2857142857142857,384.0
2027-10-25,抹灰工,2.3529411764705883,4028.235294117647
2027-10-26,不限,0.2857142857142857,384.0
2027-10-26,抹灰工,4.352941176470589,5820.235294117647
2027-10-26,木工,4.0,1800.0
2027-10-27,抹灰工,2.3529411764705883,4028.235294117647
2027-10-27,防水工,0.2,480.0
2027-10-28,抹灰工,0.3529411764705882,2236.235294117647
2027-10-28,防水工,0.2,480.0
2027-10-29,抹灰工,0.3529411764705882,2236.235294117647
2027-10-29,防水工,0.2,480.0
2027-10-30,抹灰工,0.3529411764705882,2236.235294117647
2027-10-30,防水工,0.2,480.0
2027-10-31,抹灰工,0.3529411764705882,2236.235294117647
2027-10-31,防水工,0.2,480.0
2027-11-01,抹灰工,0.3529411764705882,2236.235294117647
2027-11-01,防水工,0.2,480.0
2027-11-02,抹灰工,0.3529411764705882,2236.235294117647
2027-11-02,防水工,0.2,480.0
2027-11-03,抹灰工,0.8983957219251336,4452.962566844919
2027-11-03,防水工,0.1666666666666666,480.0
2027-11-04,抹灰工,0.5454545454545454,2216.7272727272725
2027-11-04,防水工,0.1666666666666666,480.0
2027-11-05,抹灰工,0.5454545454545454,2216.7272727272725
2027-11-05,防水工,0.1666666666666666,480.0
2027-11-06,抹灰工,0.5454545454545454,2216.7272727272725
2027-11-06,防水工,0.1666666666666666,480.0
2027-11-07,抹灰工,0.5454545454545454,2216.7272727272725
2027-11-07,防水工,0.1666666666666666,480.0
2027-11-08,抹灰工,0.5454545454545454,2216.7272727272725
2027-11-08,防水工,0.1666666666666666,480.0
2027-11-09,抹灰工,0.5454545454545454,2216.7272727272725
2027-11-09,防水工,0.1666666666666666,480.0
2027-11-10,抹灰工,1.1454545454545455,4463.127272727273
2027-11-10,防水工,0.3095238095238094,960.0
2027-11-11,抹灰工,0.6,2246.4
2027-11-11,防水工,0.1428571428571428,480.0
2027-11-12,抹灰工,0.6,2246.4
2027-11-12,防水工,0.1428571428571428,480.0
2027-11-13,抹灰工,0.6,2246.4
2027-11-13,防水工,0.1428571428571428,480.0
2027-11-14,抹灰工,0.6,2246.4
2027-11-14,防水工,0.1428571428571428,480.0
2027-11-15,抹灰工,0.6,2246.4
2027-11-15,防水工,0.1428571428571428,480.0
2027-11-16,抹灰工,1.0285714285714285,4536.685714285714
2027-11-16,防水工,0.1428571428571428,480.0
2027-11-17,抹灰工,0.4285714285714285,2290.285714285714
2027-11-17,防水工,0.1428571428571428,480.0
2027-11-18,抹灰工,0.4285714285714285,2290.285714285714
2027-11-18,防水工,0.1428571428571428,480.0
2027-11-19,抹灰工,0.4285714285714285,2290.285714285714
2027-11-19,水电工,8.6,4752.0
2027-11-19,防水工,0.1428571428571428,480.0
2027-11-20,抹灰工,0.4285714285714285,2290.285714285714
2027-11-20,水电工,4.6,4112.0
2027-11-21,抹灰工,0.4285714285714285,2290.285714285714
2027-11-21,水电工,0.6,2832.0
2027-11-22,抹灰工,0.4285714285714285,2290.285714285714
2027-11-22,水电工,0.6,2832.0
2027-11-23,抹灰工,0.4285714285714285,2290.285714285714
2027-11-23,水电工,0.6,2832.0
2027-11-24,抹灰工,0.4285714285714285,2290.285714285714
2027-11-24,水电工,0.6,2832.0
2027-11-25,不限,3.0,480.0
2027-11-25,抹灰工,0.4285714285714285,2290.285714285714
2027-11-25,水电工,0.6,2832.0
2027-11-26,不限,3.0,480.0
2027-11-26,抹灰工,0.5,768.0
2027-11-27,抹灰工,0.5,768.0
2027-11-28,抹灰工,0.5,768.0
2027-11-28,水电工,0.2222222222222222,960.0
2027-11-29,水电工,0.2222222222222222,960.0
2027-11-30,水电工,0.2222222222222222,960.0
2027-12-01,水电工,0.2222222222222222,960.0
2027-12-02,水电工,0.2222222222222222,960.0
2027-12-03,水电工,0.2222222222222222,960.0
2027-12-04,水电工,0.4444444444444444,1920.0
2027-12-05,水电工,0.2222222222222222,960.0
2027-12-06,水电工,0.2222222222222222,960.0
2027-12-07,水电工,0.2222222222222222,960.0
2027-12-08,水电工,0.2222222222222222,960.0
2027-12-09,水电工,0.2222222222222222,960.0
2027-12-10,水电工,0.4444444444444444,1920.0
2027-12-11,水电工,0.2222222222222222,960.0
2027-12-12,水电工,0.2222222222222222,960.0
2027-12-13,水电工,0.2222222222222222,960.0
2027-12-14,水电工,0.2222222222222222,960.0
2027-12-15,不限,0.3333333333333333,373.3333333333333
2027-12-15,抹灰工,1.0,1152.0
2027-12-15,水电工,0.2222222222222222,960.0
2027-12-16,不限,0.3333333333333333,373.3333333333333
2027-12-16,抹灰工,1.0,1152.0
2027-12-17,不限,0.3333333333333333,373.3333333333333
2027-12-17,抹灰工,1.8333333333333335,2992.0
2027-12-18,不限,0.3333333333333333,373.3333333333333
2027-12-18,抹灰工,0.8333333333333334,1840.0
2027-12-19,不限,0.3333333333333333,373.3333333333333
2027-12-19,抹灰工,0.8333333333333334,1840.0
2027-12-20,抹灰工,0.8333333333333334,1840.0
2027-12-21,抹灰工,1.0,2608.0
2027-12-22,抹灰工,0.1666666666666666,768.0
2027-12-23,抹灰工,0.1666666666666666,768.0
2027-12-24,抹灰工,0.1666666666666666,768.0
2027-12-25,抹灰工,0.1666666666666666,768.0
2027-12-26,抹灰工,0.1666666666666666,768.0
2027-12-27,抹灰工,0.1666666666666666,768.0
2027-12-28,抹灰工,0.1666666666666666,768.0
2027-12-29,抹灰工,0.1666666666666666,768.0
2027-12-29,水电工,1.5,1440.0
2027-12-30,水电工,1.5,1440.0
2027-12-30,砌筑工,2.5,1920.0
2027-12-31,水电工,0.25,960.0
2027-12-31,砌筑工,2.5,1920.0
2028-01-01,水电工,0.25,960.0
2028-01-02,水电工,0.25,960.0
2028-01-03,水电工,0.25,960.0
2028-01-04,水电工,0.25,960.0
2028-01-05,抹灰工,1.0,768.0
2028-01-05,水电工,0.25,960.0
2028-01-06,抹灰工,1.6666666666666665,2240.0
2028-01-07,抹灰工,0.6666666666666666,1472.0
2028-01-08,抹灰工,0.6666666666666666,1472.0
2028-01-09,抹灰工,0.6666666666666666,1472.0
2028-01-10,不限,2.0,384.0
2028-01-10,抹灰工,0.6666666666666666,1472.0
2028-01-10,水电工,4.0,1920.0
2028-01-11,不限,2.0,384.0
2028-01-11,水电工,4.0,1920.0
2028-01-26,测量员,4.0,160.0
2028-01-26,钢筋工,1.0,1155.0
2028-01-27,钢筋工,17.0,4515.0
2028-01-28,木工,6.0,1800.0
2028-01-28,钢筋工,8.0,3360.0
2028-01-29,木工,2.0,1800.0
2028-02-01,不限,0.5714285714285714,768.0
2028-02-01,混凝土工,12.0,1040.0
2028-02-02,不限,0.5714285714285714,768.0
2028-02-03,不限,0.5714285714285714,768.0
2028-02-04,不限,0.5714285714285714,768.0
2028-02-05,不限,0.5714285714285714,768.0
2028-02-05,木工,8.0,1800.0
2028-02-06,不限,3.0,576.0
2028-02-06,木工,13.0,5760.0
2028-02-06,测量员,2.0,80.0
2028-02-06,砌筑工,0.2857142857142857,685.7142857142857
2028-02-07,不限,3.0,576.0
2028-02-07,木工,5.0,2880.0
2028-02-07,水电工,1.0,240.0
2028-02-07,砌筑工,0.2857142857142857,685.7142857142857
2028-02-07,钢筋工,12.0,3780.0
2028-02-08,不限,0.2857142857142857,384.0
2028-02-08,混凝土工,8.0,1456.0
2028-02-08,砌筑工,0.2857142857142857,685.7142857142857
2028-02-08,钢筋工,6.0,1890.0
2028-02-09,不限,0.2857142857142857,384.0
2028-02-09,砌筑工,0.2857142857142857,685.7142857142857
2028-02-10,不限,2.2857142857142856,512.0
2028-02-10,水电工,1.0,240.0
2028-02-10,砌筑工,0.2857142857142857,685.7142857142857
2028-02-11,不限,0.2857142857142857,384.0
2028-02-11,抹灰工,2.3529411764705883,4028.235294117647
2028-02-12,不限,0.2857142857142857,384.0
2028-02-12,抹灰工,4.352941176470589,5820.235294117647
2028-02-12,木工,4.0,1800.0
2028-02-13,抹灰工,2.3529411764705883,4028.235294117647
2028-02-13,木工,4.0,1800.0
2028-02-14,抹灰工,2.3529411764705883,4028.235294117647
2028-02-14,防水工,0.2,480.0
2028-02-15,抹灰工,0.3529411764705882,2236.235294117647
2028-02-15,防水工,0.2,480.0
2028-02-16,抹灰工,0.3529411764705882,2236.235294117647
2028-02-16,防水工,0.2,480.0
2028-02-17,抹灰工,0.3529411764705882,2236.235294117647
2028-02-17,防水工,0.2,480.0
2028-02-18,抹灰工,0.3529411764705882,2236.235294117647
2028-02-18,防水工,0.2,480.0
2028-02-19,抹灰工,0.3529411764705882,2236.235294117647
2028-02-19,防水工,0.2,480.0
2028-02-20,抹灰工,0.3529411764705882,2236.235294117647
2028-02-20,防水工,0.3666666666666666,960.0
2028-02-21,抹灰工,0.8983957219251336,4452.962566844919
2028-02-21,防水工,0.1666666666666666,480.0
2028-02-22,抹灰工,0.5454545454545454,2216.7272727272725
2028-02-22,防水工,0.1666666666666666,480.0
2028-02-23,抹灰工,0.5454545454545454,2216.7272727272725
2028-02-23,防水工,0.1666666666666666,480.0
2028-02-24,抹灰工,0.5454545454545454,2216.7272727272725
2028-02-24,防水工,0.1666666666666666,480.0
2028-02-25,抹灰工,0.5454545454545454,2216.7272727272725
2028-02-25,防水工,0.1666666666666666,480.0
2028-02-26,抹灰工,0.5454545454545454,2216.7272727272725
2028-02-26,防水工,0.1666666666666666,480.0
2028-02-27,抹灰工,0.5454545454545454,2216.7272727272725
2028-02-27,防水工,0.1666666666666666,480.0
2028-02-28,抹灰工,1.1454545454545455,4463.127272727273
2028-02-28,防水工,0.1428571428571428,480.0
2028-02-29,抹灰工,0.6,2246.4
2028-02-29,防水工,0.1428571428571428,480.0
2028-03-01,抹灰工,0.6,2246.4
2028-03-01,防水工,0.1428571428571428,480.0
2028-03-02,抹灰工,0.6,2246.4
2028-03-02,防水工,0.1428571428571428,480.0
2028-03-03,抹灰工,0.6,2246.4
2028-03-03,防水工,0.1428571428571428,480.0
2028-03-04,抹灰工,0.6,2246.4
2028-03-04,防水工,0.1428571428571428,480.0
2028-03-05,抹灰工,1.0285714285714285,4536.685714285714
2028-03-05,防水工,0.1428571428571428,480.0
2028-03-06,抹灰工,0.4285714285714285,2290.285714285714
2028-03-06,防水工,0.1428571428571428,480.0
2028-03-07,抹灰工,0.4285714285714285,2290.285714285714
2028-03-07,防水工,0.1428571428571428,480.0
2028-03-08,抹灰工,0.4285714285714285,2290.285714285714
2028-03-08,水电工,12.6,6032.0
2028-03-09,抹灰工,0.4285714285714285,2290.285714285714
2028-03-09,水电工,0.6,2832.0
2028-03-10,抹灰工,0.4285714285714285,2290.285714285714
2028-03-10,水电工,0.6,2832.0
2028-03-11,抹灰工,0.4285714285714285,2290.285714285714
2028-03-11,水电工,0.6,2832.0
2028-03-12,抹灰工,0.4285714285714285,2290.285714285714
2028-03-12,水电工,0.6,2832.0
2028-03-13,抹灰工,0.4285714285714285,2290.285714285714
2028-03-13,水电工,0.6,2832.0
2028-03-14,不限,3.0,480.0
2028-03-15,抹灰工,0.5,768.0
2028-03-16,抹灰工,0.5,768.0
2028-03-17,抹灰工,0.5,768.0
2028-03-17,水电工,0.2222222222222222,960.0
2028-03-18,水电工,0.2222222222222222,960.0
2028-03-19,水电工,0.2222222222222222,960.0
2028-03-20,水电工,0.2222222222222222,960.0
2028-03-21,水电工,0.2222222222222222,960.0
2028-03-22,水电工,0.2222222222222222,960.0
2028-03-23,水电工,0.4444444444444444,1920.0
2028-03-24,水电工,0.2222222222222222,960.0
2028-03-25,水电工,0.2222222222222222,960.0
2028-03-26,水电工,0.2222222222222222,960.0
2028-03-27,水电工,0.2222222222222222,960.0
2028-03-28,水电工,0.4444444444444444,1920.0
2028-03-29,水电工,0.2222222222222222,960.0
2028-03-30,水电工,0.2222222222222222,960.0
2028-03-31,水电工,0.2222222222222222,960.0
2028-04-01,水电工,0.2222222222222222,960.0
2028-04-02,水电工,0.2222222222222222,960.0
2028-04-03,不限,0.3333333333333333,373.3333333333333
2028-04-03,抹灰工,1.0,1152.0
2028-04-03,水电工,0.2222222222222222,960.0
2028-04-04,不限,0.3333333333333333,373.3333333333333
2028-04-04,抹灰工,1.0,1152.0
2028-04-05,不限,0.3333333333333333,373.3333333333333
2028-04-05,抹灰工,1.8333333333333335,2992.0
2028-04-06,不限,0.3333333333333333,373.3333333333333
2028-04-06,抹灰工,0.8333333333333334,1840.0
2028-04-07,不限,0.3333333333333333,373.3333333333333
2028-04-07,抹灰工,0.8333333333333334,1840.0
2028-04-08,抹灰工,0.8333333333333334,1840.0
2028-04-09,抹灰工,1.0,2608.0
2028-04-10,抹灰工,0.1666666666666666,768.0
2028-04-11,抹灰工,0.1666666666666666,768.0
2028-04-12,抹灰工,0.1666666666666666,768.0
2028-04-13,抹灰工,0.1666666666666666,768.0
2028-04-14,抹灰工,0.1666666666666666,768.0
2028-04-15,抹灰工,0.1666666666666666,768.0
2028-04-16,抹灰工,0.1666666666666666,768.0
2028-04-16,水电工,1.5,1440.0
2028-04-17,水电工,1.5,1440.0
2028-04-17,砌筑工,2.5,1920.0
2028-04-18,砌筑工,2.5,1920.0
2028-04-19,水电工,0.25,960.0
2028-04-19,砌筑工,2.5,1920.0
2028-04-20,水电工,0.25,960.0
2028-04-21,水电工,0.25,960.0
2028-04-22,水电工,0.25,960.0
2028-04-23,水电工,0.25,960.0
2028-04-24,抹灰工,1.0,768.0
2028-04-24,水电工,0.25,960.0
2028-04-25,抹灰工,1.6666666666666665,2240.0
2028-04-26,抹灰工,0.6666666666666666,1472.0
2028-04-27,抹灰工,0.6666666666666666,1472.0
2028-04-28,抹灰工,0.6666666666666666,1472.0
2028-04-29,不限,2.0,384.0
2028-04-29,抹灰工,0.6666666666666666,1472.0
2028-04-29,水电工,4.0,1920.0
2028-05-14,测量员,4.0,160.0
2028-05-14,钢筋工,1.0,1155.0
2028-05-15,钢筋工,1.0,1155.0
2028-05-16,木工,4.0,0.0
2028-05-16,钢筋工,17.0,4515.0
2028-05-17,木工,2.0,1800.0
2028-05-18,木工,2.0,1800.0
2028-05-20,不限,0.2857142857142857,384.0
2028-05-20,混凝土工,12.0,1040.0
2028-05-21,不限,0.5714285714285714,768.0
2028-05-21,混凝土工,8.0,1040.0
2028-05-22,不限,0.5714285714285714,768.0
2028-05-23,不限,0.5714285714285714,768.0
2028-05-24,不限,0.5714285714285714,768.0
2028-05-25,不限,0.5714285714285714,768.0
2028-05-25,木工,8.0,1800.0
2028-05-26,不限,3.0,576.0
2028-05-26,木工,13.0,5760.0
2028-05-26,测量员,2.0,80.0
2028-05-26,砌筑工,0.2857142857142857,685.7142857142857
2028-05-26,钢筋工,6.0,1890.0
2028-05-27,水电工,1.0,240.0
2028-05-27,混凝土工,8.0,1456.0
2028-05-27,砌筑工,0.2857142857142857,685.7142857142857
2028-05-27,钢筋工,12.0,3780.0
2028-05-28,不限,0.2857142857142857,384.0
2028-05-28,混凝土工,8.0,1456.0
2028-05-28,砌筑工,0.2857142857142857,685.7142857142857
2028-05-29,不限,0.2857142857142857,384.0
2028-05-29,水电工,1.0,240.0
2028-05-29,砌筑工,0.2857142857142857,685.7142857142857
2028-05-30,不限,2.2857142857142856,512.0
2028-05-30,水电工,1.0,240.0
2028-05-31,不限,0.2857142857142857,384.0
2028-05-31,抹灰工,2.3529411764705883,4028.235294117647
2028-06-01,不限,0.2857142857142857,384.0
2028-06-01,抹灰工,4.352941176470589,5820.235294117647
2028-06-01,木工,4.0,1800.0
2028-06-02,抹灰工,2.3529411764705883,4028.235294117647
2028-06-02,木工,4.0,1800.0
2028-06-03,抹灰工,0.3529411764705882,2236.235294117647
2028-06-03,防水工,0.2,480.0
2028-06-04,抹灰工,0.3529411764705882,2236.235294117647
2028-06-04,防水工,0.2,480.0
2028-06-05,抹灰工,0.3529411764705882,2236.235294117647
2028-06-05,防水工,0.2,480.0
2028-06-06,抹灰工,0.3529411764705882,2236.235294117647
2028-06-06,防水工,0.2,480.0
2028-06-07,抹灰工,0.3529411764705882,2236.235294117647
2028-06-07,防水工,0.2,480.0
2028-06-08,抹灰工,0.3529411764705882,2236.235294117647
2028-06-08,防水工,0.2,480.0
2028-06-09,抹灰工,0.3529411764705882,2236.235294117647
2028-06-09,防水工,0.3666666666666666,960.0
2028-06-10,抹灰工,0.8983957219251336,4452.962566844919
2028-06-10,防水工,0.1666666666666666,480.0
2028-06-11,抹灰工,0.5454545454545454,2216.7272727272725
2028-06-11,防水工,0.1666666666666666,480.0
2028-06-12,抹灰工,0.5454545454545454,2216.7272727272725
2028-06-12,防水工,0.1666666666666666,480.0
2028-06-13,抹灰工,0.5454545454545454,2216.7272727272725
2028-06-13,防水工,0.1666666666666666,480.0
2028-06-14,抹灰工,0.5454545454545454,2216.7272727272725
2028-06-14,防水工,0.1666666666666666,480.0
2028-06-15,抹灰工,0.5454545454545454,2216.7272727272725
2028-06-15,防水工,0.1666666666666666,480.0
2028-06-16,抹灰工,1.1454545454545455,4463.127272727273
2028-06-16,防水工,0.3095238095238094,960.0
2028-06-17,抹灰工,0.6,2246.4
2028-06-17,防水工,0.1428571428571428,480.0
2028-06-18,抹灰工,0.6,2246.4
2028-06-18,防水工,0.1428571428571428,480.0
2028-06-19,抹灰工,0.6,2246.4
2028-06-19,防水工,0.1428571428571428,480.0
2028-06-20,抹灰工,0.6,2246.4
2028-06-20,防水工,0.1428571428571428,480.0
2028-06-21,抹灰工,0.6,2246.4
2028-06-21,防水工,0.1428571428571428,480.0
2028-06-22,抹灰工,1.0285714285714285,4536.685714285714
2028-06-22,防水工,0.1428571428571428,480.0
2028-06-23,抹灰工,0.4285714285714285,2290.285714285714
2028-06-23,防水工,0.1428571428571428,480.0
2028-06-24,抹灰工,0.4285714285714285,2290.285714285714
2028-06-24,防水工,0.1428571428571428,480.0
2028-06-25,抹灰工,0.4285714285714285,2290.285714285714
2028-06-25,水电工,8.6,4752.0
2028-06-25,防水工,0.1428571428571428,480.0
2028-06-26,抹灰工,0.4285714285714285,2290.285714285714
2028-06-26,水电工,4.6,4112.0
2028-06-27,抹灰工,0.4285714285714285,2290.285714285714
2028-06-27,水电工,0.6,2832.0
2028-06-28,抹灰工,0.4285714285714285,2290.285714285714
2028-06-28,水电工,0.6,2832.0
2028-06-29,抹灰工,0.4285714285714285,2290.285714285714
2028-06-29,水电工,0.6,2832.0
2028-06-30,抹灰工,0.4285714285714285,2290.285714285714
2028-06-30,水电工,0.6,2832.0
2028-07-01,不限,3.0,480.0
2028-07-01,抹灰工,0.4285714285714285,2290.285714285714
2028-07-01,水电工,0.6,2832.0
2028-07-02,不限,3.0,480.0
2028-07-02,抹灰工,0.5,768.0
2028-07-03,抹灰工,0.5,768.0
2028-07-04,抹灰工,0.5,768.0
2028-07-05,抹灰工,0.5,768.0
2028-07-05,水电工,0.2222222222222222,960.0
2028-07-06,水电工,0.2222222222222222,960.0
2028-07-07,水电工,0.2222222222222222,960.0
2028-07-08,水电工,0.2222222222222222,960.0
2028-07-09,水电工,0.2222222222222222,960.0
2028-07-10,水电工,0.4444444444444444,1920.0
2028-07-11,水电工,0.2222222222222222,960.0
2028-07-12,水电工,0.2222222222222222,960.0
2028-07-13,水电工,0.2222222222222222,960.0
2028-07-14,水电工,0.2222222222222222,960.0
2028-07-15,水电工,0.2222222222222222,960.0
2028-07-16,水电工,0.4444444444444444,1920.0
2028-07-17,水电工,0.2222222222222222,960.0
2028-07-18,水电工,0.2222222222222222,960.0
2028-07-19,水电工,0.2222222222222222,960.0
2028-07-20,水电工,0.2222222222222222,960.0
2028-07-21,水电工,0.2222222222222222,960.0
2028-07-22,不限,0.3333333333333333,373.3333333333333
2028-07-22,抹灰工,1.0,1152.0
2028-07-22,水电工,0.2222222222222222,960.0
2028-07-23,不限,0.3333333333333333,373.3333333333333
2028-07-23,抹灰工,1.0,1152.0
2028-07-24,不限,0.3333333333333333,373.3333333333333
2028-07-24,抹灰工,1.8333333333333335,2992.0
2028-07-25,不限,0.3333333333333333,373.3333333333333
2028-07-25,抹灰工,0.8333333333333334,1840.0
2028-07-26,抹灰工,0.8333333333333334,1840.0
2028-07-27,抹灰工,1.0,2608.0
2028-07-28,抹灰工,0.1666666666666666,768.0
2028-07-29,抹灰工,0.1666666666666666,768.0
2028-07-30,抹灰工,0.1666666666666666,768.0
2028-07-31,抹灰工,0.1666666666666666,768.0
2028-08-01,抹灰工,0.1666666666666666,768.0
2028-08-02,抹灰工,0.1666666666666666,768.0
2028-08-03,抹灰工,0.1666666666666666,768.0
2028-08-04,抹灰工,0.1666666666666666,768.0
2028-08-04,水电工,1.5,1440.0
2028-08-05,水电工,1.5,1440.0
2028-08-05,砌筑工,2.5,1920.0
2028-08-06,水电工,0.25,960.0
2028-08-06,砌筑工,2.5,1920.0
2028-08-07,水电工,0.25,960.0
2028-08-08,水电工,0.25,960.0
2028-08-09,水电工,0.25,960.0
2028-08-10,水电工,0.25,960.0
2028-08-11,抹灰工,1.0,768.0
2028-08-11,水电工,0.25,960.0
2028-08-12,抹灰工,1.0,768.0
2028-08-13,抹灰工,1.6666666666666665,2240.0
2028-08-14,抹灰工,0.6666666666666666,1472.0
2028-08-15,抹灰工,0.6666666666666666,1472.0
2028-08-16,不限,2.0,384.0
2028-08-16,抹灰工,0.6666666666666666,1472.0
2028-08-16,水电工,4.0,1920.0
2028-08-17,不限,2.0,384.0
2028-08-17,水电工,4.0,1920.0
